"timestamp_utc","job_id","transition_id","trial","state_mb","source_gpu","target_gpu","gpu_delta","direction","state","prepare_us","checkpoint_us","reconfigure_us","restore_us","resume_us","total_us","checkpoint_bytes","restore_bytes","bytes_moved"
"2026-09-26T05:41:45.1892798Z","341ffca1-d5d0-45f4-b7f3-71f58f6932aa","db61706e-c86c-49d8-805b-8d4af5e0824c","1","16","1","2","1","grow","COMPLETED","0","69000","0","32000","0","101000","16777224","16777224","33554448"
"2026-09-26T05:42:16.1908527Z","752cc836-2d72-4277-9f85-8297abb66c76","766424c9-30d8-43f3-a4f9-0a2002ae5c79","2","16","1","2","1","grow","COMPLETED","0","116000","0","36000","0","152000","16777224","16777224","33554448"
"2026-09-26T05:42:45.5248388Z","3afa4f76-05e4-48e5-8cd3-715a9a6058ee","285a20e5-ee83-4962-8290-a09c576c2695","3","16","1","2","1","grow","COMPLETED","0","47000","0","22000","0","69000","16777224","16777224","33554448"
"2026-09-26T05:43:18.1590330Z","cf55dc0f-f943-4d2f-adfb-44e728e0aada","c874d05b-dd78-4348-ac05-c7cbd4a7256a","1","16","2","4","2","grow","COMPLETED","0","60000","0","36000","0","96000","16777224","16777224","33554448"
"2026-09-26T05:43:49.1699491Z","320c1881-2dcd-4e68-be31-839320ba1aeb","77a4b0be-f5db-4a9d-a853-7722838360e8","2","16","2","4","2","grow","COMPLETED","0","109000","0","32000","0","141000","16777224","16777224","33554448"
"2026-09-26T05:44:20.6036790Z","ec8e4843-6058-4268-aa26-7355bf5af8dd","34cc1bca-f64e-4a2c-8f7f-fe724d7d4b95","3","16","2","4","2","grow","COMPLETED","0","85000","0","48000","0","133000","16777224","16777224","33554448"
"2026-09-26T05:44:53.5444041Z","e811ab13-8262-4fb5-a31d-bdec14bfce68","249ce353-4fd2-46a0-89a5-7a40918008b7","1","16","4","2","-2","shrink","COMPLETED","0","129000","0","43000","0","172000","16777224","16777224","33554448"
"2026-09-26T05:45:26.2048675Z","fbad6cc6-e8e8-463b-9fd9-4ed9d74953ed","3ac127e8-fadd-42fd-8f1b-7593f313bf5e","2","16","4","2","-2","shrink","COMPLETED","0","152000","0","50000","0","202000","16777224","16777224","33554448"
"2026-09-26T05:45:56.0776981Z","32a413c3-5ba2-4b87-968f-d0d868402eca","4979a840-5d0c-40e3-b524-98045db256e5","3","16","4","2","-2","shrink","COMPLETED","0","105000","0","47000","0","152000","16777224","16777224","33554448"
"2026-09-26T05:46:29.0013166Z","76b1feb8-cc74-4db9-80f7-78981f10f397","4d353442-b340-4c75-92d2-9eef5bbd6d7c","1","64","1","2","1","grow","COMPLETED","0","310000","0","179000","0","489000","67108872","67108872","134217744"
"2026-09-26T05:47:04.8637996Z","d38827da-1ddf-470a-a2bb-c816ae0b5dc9","143d4c56-47dc-4a19-9de3-b4488dcf6394","2","64","1","2","1","grow","COMPLETED","0","1070000","0","226000","0","1296000","67108872","67108872","134217744"
"2026-09-26T05:47:31.4824934Z","94cedb13-98dd-47bc-8e85-efb7d6380567","0edcdb21-73c3-4d50-96dd-868cdaafa6b1","3","64","1","2","1","grow","COMPLETED","0","187000","0","153000","0","340000","67108872","67108872","134217744"
"2026-09-26T05:48:02.7277314Z","34ab3dbb-a932-4e7b-aac5-85c46e1bfbe3","8af0c05e-f927-4e22-8972-678776d33ebf","1","64","2","4","2","grow","COMPLETED","0","441000","0","243000","0","684000","67108872","67108872","134217744"
"2026-09-26T05:48:32.4448035Z","0ff6b02b-31e1-4241-b2be-5f1f372ac203","9fca1ecd-3bab-437b-a149-22eaf4b160ba","2","64","2","4","2","grow","COMPLETED","0","287000","0","205000","0","492000","67108872","67108872","134217744"
"2026-09-26T05:49:03.8862918Z","e3143179-8c0c-46c0-a880-5df889133791","b03be9a9-90b0-4893-931d-8f775388dcef","3","64","2","4","2","grow","COMPLETED","0","244000","0","149000","0","393000","67108872","67108872","134217744"
"2026-09-26T05:49:39.7542713Z","1dc49427-b44b-4a60-aa27-b90499cf0b0b","d6b9a710-8140-494b-aa90-9fb4b5d76d97","1","64","4","2","-2","shrink","COMPLETED","0","317000","0","231000","0","548000","67108872","67108872","134217744"
"2026-09-26T05:50:11.0818931Z","a811b3f5-d053-4e9c-8d7e-21a0f2cdbacc","e7d0a1e0-d014-4d49-b93e-9fa212559f91","2","64","4","2","-2","shrink","COMPLETED","0","310000","0","198000","0","508000","67108872","67108872","134217744"
"2026-09-26T05:50:43.8555512Z","5983cb97-5c66-44cf-861a-df0d0c1817f9","3665d703-a500-49d4-bd97-74dd0d670229","3","64","4","2","-2","shrink","COMPLETED","0","868000","0","265000","0","1133000","67108872","67108872","134217744"
